"Device_ID","Device_Name","Last_Update_Date"
"84c653dd-9963-e511-80c6-40a8f02e808f","Interface Health","9/25/2015 3:27:00 PM"
"8ac653dd-9963-e511-80c6-40a8f02e808f","Logins","9/25/2015 3:27:01 PM"
"8cc653dd-9963-e511-80c6-40a8f02e808f","Notifications","9/25/2015 3:27:01 PM"
"8fc653dd-9963-e511-80c6-40a8f02e808f","All CPUs","9/25/2015 3:27:01 PM"
"91c653dd-9963-e511-80c6-40a8f02e808f","All Setpoints","9/25/2015 3:27:01 PM"
"94c653dd-9963-e511-80c6-40a8f02e808f","Database Health","9/25/2015 3:27:01 PM"
"4030b4b4-9a63-e511-80c6-40a8f02e808f","Interface Health","9/25/2015 3:33:02 PM"
"02a94c0a-a5bf-e511-80c6-40a8f02e808f","System Control","1/20/2016 6:38:47 PM"
"f5e7aa4b-d8bf-e511-80c6-40a8f02e808f","AHU 03 Diag","1/21/2016 12:45:41 AM"
"f6e7aa4b-d8bf-e511-80c6-40a8f02e808f","CP10 Local Slot 06","1/21/2016 12:45:41 AM"
