"Partition_ID","Partition_Name","Last_Update_Date"
"1","Factory","9/25/2015 3:08:33 PM"
"2","Test Bay 1","9/25/2015 3:08:57 PM"
"4","Scheduled Tasks","9/25/2015 3:27:00 PM"
"5","Health Monitor","9/25/2015 3:27:00 PM"
"6","Interface Monitoring","9/25/2015 3:27:01 PM"
"7","Sensor Monitoring","9/25/2015 3:27:01 PM"
"8","Website Monitoring","9/25/2015 3:27:01 PM"
"9","Databases","9/25/2015 3:27:01 PM"
"10","Central Database","9/25/2015 3:27:01 PM"
"11","Notification Processor","9/25/2015 3:33:02 PM"
